part,local_id,local_x_px,local_y_px,global_x_px,global_y_px,radius_px,score
1,1,877.26,932.55,877.26,932.55,23.70,1.8927
1,2,1011.60,909.02,1011.60,909.02,28.61,1.8859
1,3,1143.00,953.50,1143.00,953.50,26.00,1.8834
1,4,838.00,374.00,838.00,374.00,21.10,1.8721
1,5,941.04,426.50,941.04,426.50,38.12,1.8714
1,6,832.15,600.00,832.15,600.00,36.20,1.8642
1,7,652.50,715.50,652.50,715.50,24.14,1.8634
1,8,1241.11,969.32,1241.11,969.32,24.00,1.8570
1,9,541.71,762.93,541.71,762.93,21.67,1.8552
1,10,1149.50,779.00,1149.50,779.00,21.91,1.8483
1,11,1223.02,863.97,1223.02,863.97,22.82,1.8465
1,12,1301.91,899.87,1301.91,899.87,24.62,1.8389
1,13,1117.90,349.00,1117.90,349.00,21.12,1.8299
1,14,1253.69,443.10,1253.69,443.10,29.30,1.8244
1,15,150.50,529.00,150.50,529.00,27.04,1.8213
1,16,729.55,613.30,729.55,613.30,38.82,1.8211
1,17,947.50,336.50,947.50,336.50,23.63,1.8150
1,18,1315.50,621.00,1315.50,621.00,20.72,1.8102
1,19,1175.50,361.00,1175.50,361.00,46.59,1.8089
1,20,887.50,875.50,887.50,875.50,21.51,1.8023
1,21,188.00,367.00,188.00,367.00,28.28,1.8004
1,22,1226.50,391.50,1226.50,391.50,27.06,1.7671
1,23,72.00,735.00,72.00,735.00,22.56,1.7570
1,24,1337.82,450.00,1337.82,450.00,21.20,1.7445
1,25,228.50,478.50,228.50,478.50,20.11,1.7392
1,26,773.50,198.00,773.50,198.00,37.62,1.7315
1,27,209.50,776.00,209.50,776.00,31.20,1.7253
1,28,1076.47,319.00,1076.47,319.00,60.60,1.7132
1,29,246.20,890.36,246.20,890.36,21.22,1.7086
1,30,1298.58,411.09,1298.58,411.09,23.78,1.7010
1,31,847.00,684.50,847.00,684.50,26.80,1.6978
1,32,697.50,163.00,697.50,163.00,25.58,1.6912
1,33,100.23,532.77,100.23,532.77,20.94,1.6888
1,34,748.00,473.50,748.00,473.50,23.59,1.6839
1,35,909.00,973.00,909.00,973.00,29.21,1.6752
1,36,1260.00,330.50,1260.00,330.50,36.23,1.6485
1,37,792.50,148.00,792.50,148.00,40.81,1.6263
1,38,352.50,578.00,352.50,578.00,25.22,1.6245
1,39,96.50,397.00,96.50,397.00,28.15,1.6135
1,40,1062.50,945.50,1062.50,945.50,23.16,1.6132
1,41,37.50,383.00,37.50,383.00,27.95,1.6086
1,42,1112.00,635.00,1112.00,635.00,59.67,1.6078
1,43,84.76,594.00,84.76,594.00,30.83,1.5875
1,44,894.50,45.50,894.50,45.50,27.54,1.5344
2,1,33.00,471.00,1398.00,471.00,25.96,1.8772
2,2,1176.57,414.00,2541.57,414.00,41.62,1.8716
2,3,881.00,735.00,2246.00,735.00,23.02,1.8474
2,4,1271.68,360.50,2636.68,360.50,32.78,1.8347
2,5,851.34,656.87,2216.34,656.87,38.88,1.8142
2,6,1304.04,329.15,2669.04,329.15,21.84,1.8141
2,7,934.52,466.12,2299.52,466.12,28.86,1.8099
2,8,763.00,891.50,2128.00,891.50,22.39,1.8091
2,9,396.93,260.50,1761.93,260.50,27.30,1.8038
2,10,1163.00,706.50,2528.00,706.50,25.66,1.8012
2,11,1002.50,681.00,2367.50,681.00,21.71,1.8011
2,12,1127.00,477.00,2492.00,477.00,24.19,1.7944
2,13,797.50,292.00,2162.50,292.00,40.70,1.7940
2,14,710.00,359.00,2075.00,359.00,24.33,1.7914
2,15,932.00,744.50,2297.00,744.50,22.68,1.7873
2,16,557.50,284.00,1922.50,284.00,54.62,1.7732
2,17,1117.50,658.50,2482.50,658.50,29.03,1.7702
2,18,1124.21,594.20,2489.21,594.20,27.05,1.7700
2,19,298.50,782.50,1663.50,782.50,24.75,1.7679
2,20,93.00,298.00,1458.00,298.00,23.19,1.7600
2,21,1247.00,232.00,2612.00,232.00,23.19,1.7589
2,22,831.00,220.50,2196.00,220.50,30.04,1.7459
2,23,634.50,255.00,1999.50,255.00,27.79,1.7401
2,24,1057.00,262.00,2422.00,262.00,27.29,1.7387
2,25,1150.50,207.50,2515.50,207.50,32.69,1.7254
2,26,858.00,158.00,2223.00,158.00,26.17,1.7228
2,27,691.00,742.50,2056.00,742.50,26.91,1.7202
2,28,1070.00,221.50,2435.00,221.50,25.12,1.7142
2,29,563.50,126.00,1928.50,126.00,24.03,1.7136
2,30,231.00,175.50,1596.00,175.50,27.12,1.7113
2,31,703.50,205.00,2068.50,205.00,32.64,1.7099
2,32,1231.50,196.00,2596.50,196.00,26.97,1.7065
2,33,1034.40,983.46,2399.40,983.46,21.76,1.7035
2,34,1203.50,471.00,2568.50,471.00,30.81,1.6965
2,35,607.42,574.71,1972.42,574.71,20.89,1.6885
2,36,50.00,543.00,1415.00,543.00,20.62,1.6802
2,37,647.50,152.50,2012.50,152.50,49.80,1.6699
2,38,279.19,339.00,1644.19,339.00,43.38,1.6656
2,39,1284.00,496.00,2649.00,496.00,35.85,1.6602
2,40,919.50,140.00,2284.50,140.00,32.56,1.6333
2,41,1009.50,219.00,2374.50,219.00,31.64,1.6158
2,42,237.00,215.50,1602.00,215.50,29.04,1.6132
2,43,1070.00,85.00,2435.00,85.00,45.10,1.6076
2,44,888.50,86.50,2253.50,86.50,31.54,1.6006
2,45,602.50,431.00,1967.50,431.00,57.32,1.5950
2,46,819.02,113.00,2184.02,113.00,43.03,1.5924
2,47,308.00,585.57,1673.00,585.57,41.86,1.5861
2,48,1183.00,93.50,2548.00,93.50,30.34,1.5820
2,49,465.50,865.00,1830.50,865.00,29.77,1.5573
2,50,1310.50,77.50,2675.50,77.50,41.86,1.5443
2,51,1315.50,188.50,2680.50,188.50,35.78,1.5159
2,52,235.50,505.00,1600.50,505.00,44.74,1.5115
3,1,812.50,850.00,3542.50,850.00,20.84,1.9103
3,2,465.00,432.50,3195.00,432.50,26.39,1.8766
3,3,963.00,831.59,3693.00,831.59,20.80,1.8750
3,4,945.91,504.50,3675.91,504.50,29.12,1.8699
3,5,606.00,461.00,3336.00,461.00,21.59,1.8520
3,6,600.00,319.00,3330.00,319.00,23.19,1.8481
3,7,229.50,347.50,2959.50,347.50,22.19,1.8479
3,8,1243.04,321.00,3973.04,321.00,31.10,1.8307
3,9,1288.50,669.00,4018.50,669.00,21.36,1.8300
3,10,756.33,686.01,3486.33,686.01,23.41,1.8295
3,11,324.47,577.40,3054.47,577.40,22.96,1.8259
3,12,653.00,329.00,3383.00,329.00,23.19,1.8160
3,13,655.00,857.00,3385.00,857.00,20.62,1.8150
3,14,980.50,982.00,3710.50,982.00,20.81,1.8145
3,15,213.34,559.19,2943.34,559.19,21.46,1.8141
3,16,571.50,535.50,3301.50,535.50,29.47,1.8127
3,17,83.00,296.50,2813.00,296.50,37.17,1.8123
3,18,1171.00,847.50,3901.00,847.50,22.41,1.8103
3,19,604.77,652.50,3334.77,652.50,24.64,1.7993
3,20,308.50,523.00,3038.50,523.00,21.10,1.7975
3,21,338.33,444.90,3068.33,444.90,36.69,1.7956
3,22,477.00,333.00,3207.00,333.00,40.45,1.7913
3,23,686.74,717.58,3416.74,717.58,20.62,1.7891
3,24,894.00,543.50,3624.00,543.50,24.25,1.7853
3,25,737.74,581.26,3467.74,581.26,32.93,1.7754
3,26,578.50,436.00,3308.50,436.00,25.16,1.7740
3,27,52.00,252.00,2782.00,252.00,30.41,1.7738
3,28,830.89,350.29,3560.89,350.29,22.15,1.7707
3,29,227.50,269.00,2957.50,269.00,24.03,1.7571
3,30,253.03,403.00,2983.03,403.00,29.04,1.7571
3,31,126.00,268.00,2856.00,268.00,20.88,1.7554
3,32,909.00,396.00,3639.00,396.00,30.81,1.7526
3,33,190.54,289.50,2920.54,289.50,26.58,1.7452
3,34,779.50,358.50,3509.50,358.50,21.27,1.7424
3,35,786.00,238.00,3516.00,238.00,30.15,1.7409
3,36,83.50,558.50,2813.50,558.50,21.83,1.7385
3,37,866.00,889.50,3596.00,889.50,25.81,1.7369
3,38,647.00,169.50,3377.00,169.50,31.10,1.7192
3,39,403.50,760.00,3133.50,760.00,22.68,1.7137
3,40,147.59,895.98,2877.59,895.98,24.91,1.7125
3,41,80.50,793.00,2810.50,793.00,20.30,1.7107
3,42,391.50,389.00,3121.50,389.00,20.40,1.7105
3,43,188.00,256.50,2918.00,256.50,21.71,1.7009
3,44,55.09,538.00,2785.09,538.00,20.31,1.6999
3,45,79.00,191.00,2809.00,191.00,22.36,1.6951
3,46,724.08,889.32,3454.08,889.32,24.10,1.6945
3,47,1117.00,909.50,3847.00,909.50,25.50,1.6849
3,48,888.18,732.20,3618.18,732.20,21.89,1.6834
3,49,1228.81,511.71,3958.81,511.71,27.32,1.6816
3,50,795.05,300.55,3525.05,300.55,22.34,1.6776
3,51,1275.00,411.00,4005.00,411.00,33.02,1.6721
3,52,601.00,928.00,3331.00,928.00,20.40,1.6717
3,53,710.50,293.00,3440.50,293.00,21.80,1.6694
3,54,559.50,381.50,3289.50,381.50,25.35,1.6630
3,55,847.00,452.00,3577.00,452.00,25.50,1.6547
3,56,197.00,814.00,2927.00,814.00,22.80,1.6514
3,57,149.93,342.50,2879.93,342.50,22.21,1.6474
3,58,917.50,319.00,3647.50,319.00,26.10,1.6453
3,59,210.50,100.00,2940.50,100.00,40.55,1.6277
3,60,107.50,164.50,2837.50,164.50,32.81,1.6140
3,61,813.52,561.43,3543.52,561.43,21.23,1.6138
3,62,35.50,207.00,2765.50,207.00,29.65,1.5998
3,63,376.00,623.50,3106.00,623.50,24.44,1.5968
3,64,441.00,300.00,3171.00,300.00,24.08,1.5902
3,65,551.00,329.00,3281.00,329.00,26.08,1.5758
3,66,1019.00,381.00,3749.00,381.00,31.14,1.5164
4,1,514.87,196.51,514.87,1220.51,21.60,1.8645
4,2,1205.50,496.50,1205.50,1520.50,25.62,1.8608
4,3,1175.01,115.07,1175.01,1139.07,24.12,1.8538
4,4,222.00,98.50,222.00,1122.50,29.40,1.8496
4,5,40.22,637.26,40.22,1661.26,22.95,1.8423
4,6,1235.00,445.00,1235.00,1469.00,23.19,1.8353
4,7,140.50,386.00,140.50,1410.00,22.07,1.8198
4,8,144.21,645.99,144.21,1669.99,35.14,1.8100
4,9,289.50,229.00,289.50,1253.00,94.54,1.8096
4,10,687.73,250.07,687.73,1274.07,20.34,1.8086
4,11,1137.17,426.93,1137.17,1450.93,24.03,1.8084
4,12,688.00,721.50,688.00,1745.50,25.40,1.8066
4,13,819.00,736.00,819.00,1760.00,20.22,1.8040
4,14,751.50,694.50,751.50,1718.50,20.80,1.7998
4,15,641.50,593.50,641.50,1617.50,35.78,1.7988
4,16,1307.50,113.00,1307.50,1137.00,43.49,1.7983
4,17,729.00,630.50,729.00,1654.50,23.26,1.7943
4,18,651.00,511.00,651.00,1535.00,21.21,1.7840
4,19,95.00,735.00,95.00,1759.00,22.20,1.7811
4,20,151.50,805.50,151.50,1829.50,42.57,1.7771
4,21,395.35,254.54,395.35,1278.54,48.29,1.7719
4,22,1087.50,709.50,1087.50,1733.50,21.64,1.7652
4,23,880.50,762.00,880.50,1786.00,49.66,1.7604
4,24,1260.45,128.00,1260.45,1152.00,26.81,1.7534
4,25,1001.70,396.58,1001.70,1420.58,96.58,1.7523
4,26,236.00,762.50,236.00,1786.50,26.23,1.7523
4,27,985.50,744.50,985.50,1768.50,22.77,1.7506
4,28,1210.88,407.55,1210.88,1431.55,26.70,1.7442
4,29,1065.03,243.77,1065.03,1267.77,22.14,1.7410
4,30,933.50,126.50,933.50,1150.50,20.55,1.7367
4,31,201.00,747.50,201.00,1771.50,25.40,1.7333
4,32,777.00,814.00,777.00,1838.00,31.40,1.7231
4,33,556.50,801.00,556.50,1825.00,44.60,1.7205
4,34,442.95,88.49,442.95,1112.49,49.01,1.7194
4,35,961.65,54.82,961.65,1078.82,20.36,1.7175
4,36,894.04,849.50,894.04,1873.50,23.09,1.7148
4,37,906.17,227.13,906.17,1251.13,26.62,1.7131
4,38,664.50,815.50,664.50,1839.50,24.75,1.7104
4,39,1118.50,502.00,1118.50,1526.00,20.81,1.7079
4,40,944.00,584.00,944.00,1608.00,22.80,1.6943
4,41,1251.00,668.00,1251.00,1692.00,42.58,1.6870
4,42,743.00,743.50,743.00,1767.50,30.04,1.6805
4,43,1133.98,108.92,1133.98,1132.92,38.56,1.6794
4,44,955.79,277.57,955.79,1301.57,22.22,1.6783
4,45,787.00,715.00,787.00,1739.00,30.08,1.6779
4,46,425.50,376.50,425.50,1400.50,39.04,1.6764
4,47,647.50,741.50,647.50,1765.50,28.71,1.6743
4,48,1163.41,777.87,1163.41,1801.87,37.10,1.6637
4,49,289.00,448.50,289.00,1472.50,22.46,1.6518
4,50,1001.50,292.50,1001.50,1316.50,48.25,1.6477
4,51,239.00,704.00,239.00,1728.00,30.08,1.6373
4,52,307.50,854.50,307.50,1878.50,44.64,1.6311
4,53,613.13,178.09,613.13,1202.09,37.79,1.6087
4,54,1019.36,513.71,1019.36,1537.71,22.38,1.6026
4,55,349.00,904.50,349.00,1928.50,35.03,1.5767
4,56,429.50,858.00,429.50,1882.00,34.63,1.5735
4,57,103.50,920.50,103.50,1944.50,36.67,1.5681
4,58,1274.00,192.00,1274.00,1216.00,34.53,1.5655
4,59,272.50,353.50,272.50,1377.50,71.43,1.5270
4,60,950.84,175.50,950.84,1199.50,22.30,1.5172
4,61,1303.50,927.50,1303.50,1951.50,33.68,1.5144
5,1,271.70,352.05,1636.70,1376.05,24.08,1.8740
5,2,1174.14,35.63,2539.14,1059.63,21.31,1.8630
5,3,692.50,493.50,2057.50,1517.50,23.16,1.8476
5,4,780.54,574.27,2145.54,1598.27,23.93,1.8444
5,5,1065.50,477.50,2430.50,1501.50,20.55,1.8444
5,6,324.28,400.81,1689.28,1424.81,21.52,1.8349
5,7,228.50,514.00,1593.50,1538.00,28.94,1.8231
5,8,244.25,253.79,1609.25,1277.79,20.32,1.8223
5,9,59.50,594.50,1424.50,1618.50,29.23,1.8172
5,10,636.00,455.00,2001.00,1479.00,23.09,1.8164
5,11,1122.50,578.00,2487.50,1602.00,24.62,1.8126
5,12,1196.07,331.16,2561.07,1355.16,26.23,1.8099
5,13,549.13,519.04,1914.13,1543.04,27.06,1.7971
5,14,421.00,617.50,1786.00,1641.50,22.14,1.7918
5,15,1037.50,719.50,2402.50,1743.50,22.77,1.7860
5,16,161.50,551.00,1526.50,1575.00,26.73,1.7805
5,17,258.06,446.42,1623.06,1470.42,21.62,1.7791
5,18,1106.00,645.00,2471.00,1669.00,37.12,1.7738
5,19,858.07,186.66,2223.07,1210.66,49.47,1.7667
5,20,812.00,615.00,2177.00,1639.00,20.25,1.7647
5,21,278.32,716.14,1643.32,1740.14,27.55,1.7592
5,22,350.27,123.65,1715.27,1147.65,21.78,1.7552
5,23,373.00,315.00,1738.00,1339.00,22.80,1.7424
5,24,1186.50,188.00,2551.50,1212.00,23.96,1.7378
5,25,1015.50,775.50,2380.50,1799.50,31.98,1.7353
5,26,1054.11,27.86,2419.11,1051.86,20.42,1.7213
5,27,536.90,315.83,1901.90,1339.83,20.21,1.7188
5,28,668.50,279.00,2033.50,1303.00,34.00,1.7173
5,29,619.00,705.50,1984.00,1729.50,31.67,1.7105
5,30,376.00,774.50,1741.00,1798.50,25.24,1.7000
5,31,1008.50,646.00,2373.50,1670.00,23.88,1.6980
5,32,950.50,836.00,2315.50,1860.00,38.71,1.6971
5,33,913.50,576.00,2278.50,1600.00,25.40,1.6965
5,34,944.50,181.00,2309.50,1205.00,24.86,1.6918
5,35,1113.50,823.50,2478.50,1847.50,25.54,1.6881
5,36,191.50,185.50,1556.50,1209.50,31.60,1.6780
5,37,1153.50,874.50,2518.50,1898.50,57.61,1.6752
5,38,168.50,822.50,1533.50,1846.50,30.60,1.6721
5,39,524.50,666.00,1889.50,1690.00,37.59,1.6695
5,40,202.50,274.00,1567.50,1298.00,26.39,1.6576
5,41,1075.50,203.00,2440.50,1227.00,25.93,1.6426
5,42,1208.50,120.50,2573.50,1144.50,22.64,1.6332
5,43,1011.00,897.50,2376.00,1921.50,34.03,1.6161
5,44,841.00,706.50,2206.00,1730.50,34.62,1.6149
5,45,1065.00,818.50,2430.00,1842.50,24.05,1.6049
5,46,1232.50,811.00,2597.50,1835.00,35.63,1.5973
5,47,228.50,857.00,1593.50,1881.00,26.20,1.5802
5,48,180.50,895.00,1545.50,1919.00,38.62,1.5540
6,1,1064.91,346.76,3794.91,1370.76,24.90,1.8909
6,2,958.72,273.15,3688.72,1297.15,21.36,1.8718
6,3,747.95,491.66,3477.95,1515.66,32.73,1.8604
6,4,775.00,671.00,3505.00,1695.00,25.18,1.8543
6,5,54.00,582.50,2784.00,1606.50,24.62,1.8540
6,6,754.50,95.50,3484.50,1119.50,20.55,1.8533
6,7,298.15,534.04,3028.15,1558.04,26.32,1.8522
6,8,662.92,536.50,3392.92,1560.50,26.31,1.8506
6,9,456.50,554.50,3186.50,1578.50,20.99,1.8473
6,10,1019.50,615.50,3749.50,1639.50,21.78,1.8471
6,11,895.60,579.43,3625.60,1603.43,23.05,1.8458
6,12,1157.00,556.50,3887.00,1580.50,27.55,1.8392
6,13,665.50,412.50,3395.50,1436.50,20.70,1.8340
6,14,662.50,688.50,3392.50,1712.50,31.82,1.8320
6,15,361.99,476.60,3091.99,1500.60,20.06,1.8197
6,16,935.50,540.50,3665.50,1564.50,20.55,1.8108
6,17,327.39,414.74,3057.39,1438.74,25.96,1.8089
6,18,182.50,720.50,2912.50,1744.50,30.70,1.8069
6,19,47.46,713.50,2777.46,1737.50,36.63,1.8033
6,20,224.50,600.00,2954.50,1624.00,29.12,1.8023
6,21,280.00,473.00,3010.00,1497.00,27.20,1.8021
6,22,994.50,544.50,3724.50,1568.50,20.99,1.8014
6,23,91.10,374.44,2821.10,1398.44,24.59,1.7855
6,24,384.00,555.00,3114.00,1579.00,21.38,1.7833
6,25,741.58,617.98,3471.58,1641.98,20.80,1.7816
6,26,602.40,488.20,3332.40,1512.20,21.51,1.7779
6,27,1030.50,195.00,3760.50,1219.00,22.61,1.7762
6,28,1254.50,691.00,3984.50,1715.00,21.71,1.7722
6,29,678.50,784.00,3408.50,1808.00,21.71,1.7717
6,30,796.94,787.00,3526.94,1811.00,21.15,1.7596
6,31,102.00,607.50,2832.00,1631.50,23.26,1.7581
6,32,1085.00,288.00,3815.00,1312.00,25.00,1.7520
6,33,849.50,741.00,3579.50,1765.00,23.84,1.7516
6,34,1120.89,209.56,3850.89,1233.56,78.18,1.7402
6,35,1231.65,114.94,3961.65,1138.94,22.66,1.7352
6,36,53.50,770.00,2783.50,1794.00,44.68,1.7294
6,37,619.00,834.50,3349.00,1858.50,25.12,1.7263
6,38,340.08,260.35,3070.08,1284.35,33.88,1.7245
6,39,1230.50,743.00,3960.50,1767.00,30.57,1.7230
6,40,354.50,734.50,3084.50,1758.50,43.64,1.7124
6,41,1196.82,474.36,3926.82,1498.36,25.10,1.7102
6,42,489.03,226.81,3219.03,1250.81,23.01,1.7099
6,43,569.50,541.00,3299.50,1565.00,33.05,1.7015
6,44,1130.50,713.50,3860.50,1737.50,26.62,1.6818
6,45,487.00,173.50,3217.00,1197.50,20.16,1.6800
6,46,658.50,627.50,3388.50,1651.50,21.97,1.6766
6,47,719.00,862.00,3449.00,1886.00,30.15,1.6636
6,48,487.00,681.00,3217.00,1705.00,46.69,1.6625
6,49,715.00,751.50,3445.00,1775.50,23.26,1.6612
6,50,1001.27,658.68,3731.27,1682.68,38.31,1.6560
6,51,1012.50,118.50,3742.50,1142.50,44.66,1.6358
6,52,866.00,298.50,3596.00,1322.50,20.72,1.6308
6,53,780.50,900.00,3510.50,1924.00,46.67,1.6170
6,54,216.50,802.00,2946.50,1826.00,111.80,1.6039
6,55,587.50,809.00,3317.50,1833.00,28.66,1.6023
6,56,173.00,878.50,2903.00,1902.50,34.18,1.5792
6,57,541.50,885.00,3271.50,1909.00,53.58,1.5344
